<?xml version="1.0" encoding="UTF-8"?>
<metadata xml:lang="en"><Esri><CreaDate>20211106</CreaDate><CreaTime>04051800</CreaTime><ArcGISFormat>1.0</ArcGISFormat><SyncOnce>FALSE</SyncOnce><DataProperties><lineage><Process ToolSource="c:\program files (x86)\arcgis\desktop10.3\ArcToolbox\Toolboxes\Data Management Tools.tbx\CalculateField" Date="20190212" Time="201059">CalculateField Villages vcenter_name [Name_1] VB #</Process><Process ToolSource="c:\program files\arcgis\desktop10.2\ArcToolbox\Toolboxes\Data Management Tools.tbx\Merge" Date="20200126" Time="100034">Merge Rtehran;Rwest;Ryazd;Rzanjan;Rlorestan;Rmarkazi;Rmazan;Rqazvin;Rqom;Rhamedan;Rhormozgan;Rrazavi;Rsemnan;Rshomali;Rilam;Rsistan;Rjonoobi;Rkerman;Rkermanshah;Rkhuzestan;Rkohgiloye;Rkordestan;Ralborz;Rardebil;Rbushehr;Rchaharmahal;Reast;Resfahan;Rfars;Rgilan;Rgolestan "D:\تقسیمات 98\تجمیع سطوح تقسیماتی کشوری\Riran.shp" "Name "Name" true true false 70 Text 0 0 ,First,#,Rtehran,Name,-1,-1,Rwest,Name,-1,-1,Ryazd,Name,-1,-1,Rzanjan,Name,-1,-1,Rlorestan,Name,-1,-1,Rmarkazi,Name,-1,-1,Rmazan,Name,-1,-1,Rqazvin,Name,-1,-1,Rqom,Name,-1,-1,Rhamedan,Name,-1,-1,Rhormozgan,Name,-1,-1,Rrazavi,Name,-1,-1,Rsemnan,Name,-1,-1,Rshomali,Name,-1,-1,Rilam,Name,-1,-1,Rsistan,Name,-1,-1,Rjonoobi,Name,-1,-1,Rkerman,Name,-1,-1,Rkermanshah,Name,-1,-1,Rkhuzestan,Name,-1,-1,Rkohgiloye,Name,-1,-1,Rkordestan,Name,-1,-1,Ralborz,Name,-1,-1,Rardebil,Name,-1,-1,Rbushehr,Name,-1,-1,Rchaharmahal,Name,-1,-1,Reast,Name,-1,-1,Resfahan,Name,-1,-1,Rfars,Name,-1,-1,Rgilan,Name,-1,-1,Rgolestan,Name,-1,-1;pname "pname" true true false 50 Text 0 0 ,First,#,Rtehran,pname,-1,-1,Rwest,pname,-1,-1,Ryazd,pname,-1,-1,Rzanjan,pname,-1,-1,Rlorestan,pname,-1,-1,Rmarkazi,pname,-1,-1,Rmazan,pname,-1,-1,Rqazvin,pname,-1,-1,Rqom,pname,-1,-1,Rhamedan,pname,-1,-1,Rhormozgan,pname,-1,-1,Rrazavi,pname,-1,-1,Rsemnan,pname,-1,-1,Rshomali,pname,-1,-1,Rilam,pname,-1,-1,Rsistan,pname,-1,-1,Rjonoobi,pname,-1,-1,Rkerman,pname,-1,-1,Rkermanshah,pname,-1,-1,Rkhuzestan,pname,-1,-1,Rkohgiloye,pname,-1,-1,Rkordestan,pname,-1,-1,Ralborz,pname,-1,-1,Rardebil,pname,-1,-1,Rbushehr,pname,-1,-1,Rchaharmahal,pname,-1,-1,Reast,pname,-1,-1,Resfahan,pname,-1,-1,Rfars,pname,-1,-1,Rgilan,pname,-1,-1,Rgolestan,pname,-1,-1;cname "cname" true true false 50 Text 0 0 ,First,#,Rtehran,cname,-1,-1,Rwest,cname,-1,-1,Ryazd,cname,-1,-1,Rzanjan,cname,-1,-1,Rlorestan,cname,-1,-1,Rmarkazi,cname,-1,-1,Rmazan,cname,-1,-1,Rqazvin,cname,-1,-1,Rqom,cname,-1,-1,Rhamedan,cname,-1,-1,Rhormozgan,cname,-1,-1,Rrazavi,cname,-1,-1,Rsemnan,cname,-1,-1,Rshomali,cname,-1,-1,Rilam,cname,-1,-1,Rsistan,cname,-1,-1,Rjonoobi,cname,-1,-1,Rkerman,cname,-1,-1,Rkermanshah,cname,-1,-1,Rkhuzestan,cname,-1,-1,Rkohgiloye,cname,-1,-1,Rkordestan,cname,-1,-1,Ralborz,cname,-1,-1,Rardebil,cname,-1,-1,Rbushehr,cname,-1,-1,Rchaharmahal,cname,-1,-1,Reast,cname,-1,-1,Resfahan,cname,-1,-1,Rfars,cname,-1,-1,Rgilan,cname,-1,-1,Rgolestan,cname,-1,-1;bname "bname" true true false 50 Text 0 0 ,First,#,Rtehran,bname,-1,-1,Rwest,bname,-1,-1,Ryazd,bname,-1,-1,Rzanjan,bname,-1,-1,Rlorestan,bname,-1,-1,Rmarkazi,bname,-1,-1,Rmazan,bname,-1,-1,Rqazvin,bname,-1,-1,Rqom,bname,-1,-1,Rhamedan,bname,-1,-1,Rhormozgan,bname,-1,-1,Rrazavi,bname,-1,-1,Rsemnan,bname,-1,-1,Rshomali,bname,-1,-1,Rilam,bname,-1,-1,Rsistan,bname,-1,-1,Rjonoobi,bname,-1,-1,Rkerman,bname,-1,-1,Rkermanshah,bname,-1,-1,Rkhuzestan,bname,-1,-1,Rkohgiloye,bname,-1,-1,Rkordestan,bname,-1,-1,Ralborz,bname,-1,-1,Rardebil,bname,-1,-1,Rbushehr,bname,-1,-1,Rchaharmahal,bname,-1,-1,Reast,bname,-1,-1,Resfahan,bname,-1,-1,Rfars,bname,-1,-1,Rgilan,bname,-1,-1,Rgolestan,bname,-1,-1;vcenter_na "vcenter_na" true true false 50 Text 0 0 ,First,#,Rtehran,vcenter_na,-1,-1,Rwest,vcenter_na,-1,-1,Ryazd,vcenter_na,-1,-1,Rzanjan,vcenter_na,-1,-1,Rlorestan,vcenter_na,-1,-1,Rmarkazi,vcenter_na,-1,-1,Rmazan,vcenter_na,-1,-1,Rqazvin,vcenter_na,-1,-1,Rqom,vcenter_na,-1,-1,Rhamedan,vcenter_na,-1,-1,Rhormozgan,vcenter_na,-1,-1,Rrazavi,vcenter_na,-1,-1,Rsemnan,vcenter_na,-1,-1,Rshomali,vcenter_na,-1,-1,Rilam,vcenter_na,-1,-1,Rsistan,vcenter_na,-1,-1,Rjonoobi,vcenter_na,-1,-1,Rkerman,vcenter_na,-1,-1,Rkermanshah,vcenter_na,-1,-1,Rkhuzestan,vcenter_na,-1,-1,Rkohgiloye,vcenter_na,-1,-1,Rkordestan,vcenter_na,-1,-1,Ralborz,vcenter_na,-1,-1,Rardebil,vcenter_na,-1,-1,Rbushehr,vcenter_na,-1,-1,Rchaharmahal,vcenter_na,-1,-1,Reast,vcenter_na,-1,-1,Resfahan,vcenter_na,-1,-1,Rfars,vcenter_na,-1,-1,Rgilan,vcenter_na,-1,-1,Rgolestan,vcenter_na,-1,-1;area "area" true true false 19 Double 0 0 ,First,#,Rtehran,area,-1,-1,Rwest,area,-1,-1,Ryazd,area,-1,-1,Rzanjan,area,-1,-1,Rlorestan,area,-1,-1,Rmarkazi,area,-1,-1,Rmazan,area,-1,-1,Rqazvin,area,-1,-1,Rqom,area,-1,-1,Rhamedan,area,-1,-1,Rhormozgan,area,-1,-1,Rrazavi,area,-1,-1,Rsemnan,area,-1,-1,Rshomali,area,-1,-1,Rilam,area,-1,-1,Rsistan,area,-1,-1,Rjonoobi,area,-1,-1,Rkerman,area,-1,-1,Rkermanshah,area,-1,-1,Rkhuzestan,area,-1,-1,Rkohgiloye,area,-1,-1,Rkordestan,area,-1,-1,Ralborz,area,-1,-1,Rardebil,area,-1,-1,Rbushehr,area,-1,-1,Rchaharmahal,area,-1,-1,Reast,area,-1,-1,Resfahan,area,-1,-1,Rfars,area,-1,-1,Rgilan,area,-1,-1,Rgolestan,area,-1,-1;perimeter "perimeter" true true false 19 Double 0 0 ,First,#,Rtehran,perimeter,-1,-1,Rwest,perimeter,-1,-1,Ryazd,perimeter,-1,-1,Rzanjan,perimeter,-1,-1,Rlorestan,perimeter,-1,-1,Rmarkazi,perimeter,-1,-1,Rmazan,perimeter,-1,-1,Rqazvin,perimeter,-1,-1,Rqom,perimeter,-1,-1,Rhamedan,perimeter,-1,-1,Rhormozgan,perimeter,-1,-1,Rrazavi,perimeter,-1,-1,Rsemnan,perimeter,-1,-1,Rshomali,perimeter,-1,-1,Rilam,perimeter,-1,-1,Rsistan,perimeter,-1,-1,Rjonoobi,perimeter,-1,-1,Rkerman,perimeter,-1,-1,Rkermanshah,perimeter,-1,-1,Rkhuzestan,perimeter,-1,-1,Rkohgiloye,perimeter,-1,-1,Rkordestan,perimeter,-1,-1,Ralborz,perimeter,-1,-1,Rardebil,perimeter,-1,-1,Rbushehr,perimeter,-1,-1,Rchaharmahal,perimeter,-1,-1,Reast,perimeter,-1,-1,Resfahan,perimeter,-1,-1,Rfars,perimeter,-1,-1,Rgilan,perimeter,-1,-1,Rgolestan,perimeter,-1,-1"</Process><Process ToolSource="c:\program files\arcgis\desktop10.2\ArcToolbox\Toolboxes\Conversion Tools.tbx\FeatureClassToFeatureClass" Date="20200212" Time="144010">FeatureClassToFeatureClass "D:\تقسیمات 98\topology\Riran.shp" "D:\تقسیمات 98\topology\ruraltopo.mdb\ruraltopology" rural98 # "Name "Name" true true false 70 Text 0 0 ,First,#,D:\تقسیمات 98\topology\Riran.shp,Name,-1,-1;pname "pname" true true false 50 Text 0 0 ,First,#,D:\تقسیمات 98\topology\Riran.shp,pname,-1,-1;cname "cname" true true false 50 Text 0 0 ,First,#,D:\تقسیمات 98\topology\Riran.shp,cname,-1,-1;bname "bname" true true false 50 Text 0 0 ,First,#,D:\تقسیمات 98\topology\Riran.shp,bname,-1,-1;vcenter_na "vcenter_na" true true false 50 Text 0 0 ,First,#,D:\تقسیمات 98\topology\Riran.shp,vcenter_na,-1,-1;area "area" true true false 19 Double 0 0 ,First,#,D:\تقسیمات 98\topology\Riran.shp,area,-1,-1;perimeter "perimeter" true true false 19 Double 0 0 ,First,#,D:\تقسیمات 98\topology\Riran.shp,perimeter,-1,-1" #</Process><Process ToolSource="C:\Program Files\ArcGIS\Desktop10.0\ArcToolbox\Toolboxes\Analysis Tools.tbx\Select" Date="20201012" Time="141021">Select P_iran2sfnd98 "D:\map\تقسیمات کشوری\ostan\ostan.shp" #</Process><Process ToolSource="c:\program files (x86)\arcgis\desktop10.5\ArcToolbox\Toolboxes\Data Management Tools.tbx\CalculateField" Date="20201030" Time="175400">CalculateField ostan NN [Name] VB #</Process><Process ToolSource="c:\program files (x86)\arcgis\desktop10.5\ArcToolbox\Toolboxes\Data Management Tools.tbx\CalculateField" Date="20211106" Time="040615">CalculateField Provinces_Boundary Capital [p_center] VB #</Process><Process ToolSource="c:\program files (x86)\arcgis\desktop10.5\ArcToolbox\Toolboxes\Data Management Tools.tbx\CalculateField" Date="20211106" Time="040657">CalculateField Provinces_Boundary Perimeter1 [perimeter] VB #</Process><Process ToolSource="c:\program files (x86)\arcgis\desktop10.5\ArcToolbox\Toolboxes\Data Management Tools.tbx\CalculateField" Date="20211106" Time="040751">CalculateField Provinces_Boundary Area_1 [area] VB #</Process></lineage><itemProps><itemName Sync="TRUE">ostan</itemName><imsContentType Sync="TRUE">002</imsContentType><itemSize Sync="TRUE">0/000</itemSize><itemLocation><linkage Sync="TRUE">file://\\DESKTOP-0D3KERO\C$\Users\dr\Desktop\Ostan1400.gdb</linkage><protocol Sync="TRUE">Local Area Network</protocol></itemLocation></itemProps><coordRef><type Sync="TRUE">Projected</type><geogcsn Sync="TRUE">GCS_WGS_1984</geogcsn><csUnits Sync="TRUE">Linear Unit: Meter (1.000000)</csUnits><peXml Sync="TRUE">&lt;ProjectedCoordinateSystem xsi:type='typens:ProjectedCoordinateSystem' xmlns:xsi='http://www.w3.org/2001/XMLSchema-instance' xmlns:xs='http://www.w3.org/2001/XMLSchema' xmlns:typens='http://www.esri.com/schemas/ArcGIS/10.0'&gt;&lt;WKT&gt;PROJCS[&amp;quot;WGS_1984_UTM_Zone_39N&amp;quot;,GEOGCS[&amp;quot;GCS_WGS_1984&amp;quot;,DATUM[&amp;quot;D_WGS_1984&amp;quot;,SPHEROID[&amp;quot;WGS_1984&amp;quot;,6378137.0,298.257223563]],PRIMEM[&amp;quot;Greenwich&amp;quot;,0.0],UNIT[&amp;quot;Degree&amp;quot;,0.0174532925199433]],PROJECTION[&amp;quot;Transverse_Mercator&amp;quot;],PARAMETER[&amp;quot;False_Easting&amp;quot;,500000.0],PARAMETER[&amp;quot;False_Northing&amp;quot;,0.0],PARAMETER[&amp;quot;Central_Meridian&amp;quot;,51.0],PARAMETER[&amp;quot;Scale_Factor&amp;quot;,0.9996],PARAMETER[&amp;quot;Latitude_Of_Origin&amp;quot;,0.0],UNIT[&amp;quot;Meter&amp;quot;,1.0],AUTHORITY[&amp;quot;EPSG&amp;quot;,32639]]&lt;/WKT&gt;&lt;XOrigin&gt;-5120900&lt;/XOrigin&gt;&lt;YOrigin&gt;-9998100&lt;/YOrigin&gt;&lt;XYScale&gt;450445547.3910538&lt;/XYScale&gt;&lt;ZOrigin&gt;-100000&lt;/ZOrigin&gt;&lt;ZScale&gt;10000&lt;/ZScale&gt;&lt;MOrigin&gt;-100000&lt;/MOrigin&gt;&lt;MScale&gt;10000&lt;/MScale&gt;&lt;XYTolerance&gt;0.001&lt;/XYTolerance&gt;&lt;ZTolerance&gt;0.001&lt;/ZTolerance&gt;&lt;MTolerance&gt;0.001&lt;/MTolerance&gt;&lt;HighPrecision&gt;true&lt;/HighPrecision&gt;&lt;WKID&gt;32639&lt;/WKID&gt;&lt;/ProjectedCoordinateSystem&gt;</peXml><projcsn Sync="TRUE">WGS_1984_UTM_Zone_39N</projcsn></coordRef><copyHistory><copy source="D:\تقسیمات 98\تجمیع سطوح تقسیماتی کشوری6بهمن98\Riran" dest="\\L13SHABANI-NEW\تقسیمات 98\topology\Riran" date="20200126" time="13120700"></copy></copyHistory></DataProperties><SyncDate>20201012</SyncDate><SyncTime>14102000</SyncTime><ModDate>20201012</ModDate><ModTime>14102000</ModTime><ArcGISstyle>North American Profile of ISO19115 2003</ArcGISstyle></Esri><dataIdInfo><envirDesc Sync="TRUE"> Version 6.2 (Build 9200) ; ESRI ArcGIS 10.0.0.2414</envirDesc><dataLang><languageCode value="fas" Sync="TRUE" country="IRN"></languageCode><countryCode value="IRN" Sync="TRUE"></countryCode></dataLang><idCitation><resTitle Sync="TRUE">ostan</resTitle><presForm><PresFormCd value="005" Sync="TRUE"></PresFormCd></presForm></idCitation><spatRpType><SpatRepTypCd value="001" Sync="TRUE"></SpatRepTypCd></spatRpType><descKeys><thesaName uuidref="723f6998-058e-11dc-8314-0800200c9a66"></thesaName><keyword Sync="TRUE">002</keyword></descKeys></dataIdInfo><mdLang><languageCode value="fas" Sync="TRUE"></languageCode><countryCode value="IRN" Sync="TRUE"></countryCode></mdLang><mdChar><CharSetCd value="004" Sync="TRUE"></CharSetCd></mdChar><distInfo><distFormat><formatName Sync="TRUE">Shapefile</formatName></distFormat><distTranOps><transSize Sync="TRUE">0/000</transSize></distTranOps></distInfo><mdHrLv><ScopeCd value="005" Sync="TRUE"></ScopeCd></mdHrLv><mdHrLvName Sync="TRUE">dataset</mdHrLvName><refSysInfo><RefSystem><refSysID><identCode code="32639" Sync="TRUE"></identCode><idCodeSpace Sync="TRUE">EPSG</idCodeSpace><idVersion Sync="TRUE">7.4.1</idVersion></refSysID></RefSystem></refSysInfo><spatRepInfo><VectSpatRep><geometObjs Name="rural98"><geoObjTyp><GeoObjTypCd value="002" Sync="TRUE"></GeoObjTypCd><geoObjCnt Sync="TRUE">0</geoObjCnt></geoObjTyp><geoObjCnt Sync="TRUE">0</geoObjCnt></geometObjs><topLvl><TopoLevCd value="001" Sync="TRUE"></TopoLevCd></topLvl></VectSpatRep></spatRepInfo><spdoinfo><ptvctinf><esriterm Name="ostan"><efeatyp Sync="TRUE">Simple</efeatyp><efeageom Sync="TRUE">4</efeageom><esritopo Sync="TRUE">FALSE</esritopo><efeacnt Sync="TRUE">0</efeacnt><spindex Sync="TRUE">FALSE</spindex><linrefer Sync="TRUE">FALSE</linrefer></esriterm></ptvctinf></spdoinfo><eainfo><detailed Name="ostan"><enttyp><enttypl Sync="TRUE">ostan</enttypl><enttypt Sync="TRUE">Feature Class</enttypt><enttypc Sync="TRUE">0</enttypc></enttyp><attr><attrlabl Sync="TRUE">FID</attrlabl><attalias Sync="TRUE">FID</attalias><attrtype Sync="TRUE">OID</attrtype><attwidth Sync="TRUE">4</attwidth><atprecis Sync="TRUE">0</atprecis><attscale Sync="TRUE">0</attscale><attrdef Sync="TRUE">Internal feature number.</attrdef><attrdefs Sync="TRUE">ESRI</attrdefs><attrdomv><udom Sync="TRUE">Sequential unique whole numbers that are automatically generated.</udom></attrdomv></attr><attr><attrlabl Sync="TRUE">Shape</attrlabl><attalias Sync="TRUE">Shape</attalias><attrtype Sync="TRUE">Geometry</attrtype><attwidth Sync="TRUE">0</attwidth><atprecis Sync="TRUE">0</atprecis><attscale Sync="TRUE">0</attscale><attrdef Sync="TRUE">Feature geometry.</attrdef><attrdefs Sync="TRUE">Esri</attrdefs><attrdomv><udom Sync="TRUE">Coordinates defining the features.</udom></attrdomv></attr><attr><attrlabl Sync="TRUE">Name</attrlabl><attalias Sync="TRUE">Name</attalias><attrtype Sync="TRUE">String</attrtype><attwidth Sync="TRUE">70</attwidth><atprecis Sync="TRUE">0</atprecis><attscale Sync="TRUE">0</attscale></attr><attr><attrlabl Sync="TRUE">area</attrlabl><attalias Sync="TRUE">area</attalias><attrtype Sync="TRUE">Double</attrtype><attwidth Sync="TRUE">19</attwidth><atprecis Sync="TRUE">0</atprecis><attscale Sync="TRUE">0</attscale></attr><attr><attrlabl Sync="TRUE">perimeter</attrlabl><attalias Sync="TRUE">perimeter</attalias><attrtype Sync="TRUE">Double</attrtype><attwidth Sync="TRUE">19</attwidth><atprecis Sync="TRUE">0</atprecis><attscale Sync="TRUE">0</attscale></attr><attr><attrlabl Sync="TRUE">p_center</attrlabl><attalias Sync="TRUE">p_center</attalias><attrtype Sync="TRUE">String</attrtype><attwidth Sync="TRUE">50</attwidth><atprecis Sync="TRUE">0</atprecis><attscale Sync="TRUE">0</attscale></attr></detailed></eainfo><mdDateSt Sync="TRUE">20201012</mdDateSt></metadata>
